{
  "per_seed": [
    {
      "seed": 42,
      "macro_f1": 0.5586,
      "micro_f1": 0.6636,
      "sexism_f1": 0.2353,
      "best_threshold": 0.15
    },
    {
      "seed": 123,
      "macro_f1": 0.5379042718416666,
      "micro_f1": 0.6671974522292994,
      "sexism_f1": 0.14814814814814814,
      "best_threshold": 0.25
    }
  ],
  "macro_f1_mean": 0.5482521359208332,
  "macro_f1_std": 0.010347864079166713,
  "micro_f1_mean": 0.6653987261146497,
  "micro_f1_std": 0.0017987261146497069,
  "sexism_f1_mean": 0.19172407407407407,
  "sexism_f1_std": 0.043575925925925935
}